{
  "IcoMoonType": "selection",
  "icons": [
    {
      "icon": {
        "paths": [
          "M512 768c142 0 256-114 256-256s-114-256-256-256-256 114-256 256 114 256 256 256zM854 654v200h-200l-142 140-142-140h-200v-200l-140-142 140-142v-200h200l142-140 142 140h200v200l140 142z"
        ],
        "attrs": [],
        "isMulticolor": false,
        "isMulticolor2": false,
        "tags": [
          "brightness_low"
        ],
        "defaultCode": 57773,
        "grid": 24
      },
      "attrs": [],
      "properties": {
        "ligatures": "brightness_5, brightness_low",
        "id": 106,
        "order": 77,
        "prevSize": 24,
        "code": 57773,
        "name": "brightness_low"
      },
      "setIdx": 0,
      "setId": 6,
      "iconIdx": 106
    },
    {
      "icon": {
        "paths": [
          "M384 692l452-454 60 60-512 512-238-238 58-60z"
        ],
        "attrs": [],
        "isMulticolor": false,
        "isMulticolor2": false,
        "tags": [
          "done"
        ],
        "defaultCode": 59510,
        "grid": 24
      },
      "attrs": [],
      "properties": {
        "ligatures": "done",
        "id": 232,
        "order": 78,
        "prevSize": 24,
        "code": 59510,
        "name": "done"
      },
      "setIdx": 0,
      "setId": 6,
      "iconIdx": 232
    },
    {
      "icon": {
        "paths": [
          "M128 214h768v84h-768v-84zM128 470v-86h768v86h-768zM128 810v-84h768v84h-768zM128 640v-86h768v86h-768z"
        ],
        "attrs": [],
        "isMulticolor": false,
        "isMulticolor2": false,
        "tags": [
          "reorder"
        ],
        "defaultCode": 59646,
        "grid": 24
      },
      "attrs": [],
      "properties": {
        "ligatures": "reorder",
        "id": 622,
        "order": 79,
        "prevSize": 24,
        "code": 59646,
        "name": "reorder"
      },
      "setIdx": 0,
      "setId": 6,
      "iconIdx": 622
    },
    {
      "icon": {
        "paths": [
          "M870.4 51.2h-102.4c-28.262 0-51.2 22.886-51.2 51.2v869.99h204.8v-869.99c0-28.314-22.886-51.2-51.2-51.2zM563.2 358.4h-102.4c-28.262 0-51.2 22.886-51.2 51.2v562.79h204.8v-562.79c0-28.314-22.886-51.2-51.2-51.2zM256 665.6h-102.4c-28.262 0-51.2 22.886-51.2 51.2v255.59h204.8v-255.59c0-28.314-22.886-51.2-51.2-51.2z"
        ],
        "attrs": [],
        "isMulticolor": false,
        "isMulticolor2": false,
        "tags": [
          "bar-graph"
        ],
        "grid": 20
      },
      "attrs": [],
      "properties": {
        "id": 107,
        "order": 70,
        "prevSize": 20,
        "code": 59648,
        "name": "bar-graph"
      },
      "setIdx": 2,
      "setId": 4,
      "iconIdx": 106
    },
    {
      "icon": {
        "paths": [
          "M35.072 512h121.446v-10.496c5.53-227.021 190.669-409.395 418.253-409.395 231.168 0 418.509 188.006 418.509 419.891s-187.341 419.789-418.509 419.789c-97.178 0-186.624-33.28-257.69-88.986l71.987-77.005c52.019 38.298 116.224 61.082 185.702 61.082 173.363 0 313.907-141.005 313.907-314.88s-140.544-314.88-313.907-314.88c-169.83 0-308.122 135.322-313.6 304.384v10.496h136.806l-178.893 199.373-184.013-199.373z"
        ],
        "attrs": [],
        "isMulticolor": false,
        "isMulticolor2": false,
        "tags": [
          "ccw"
        ],
        "grid": 20
      },
      "attrs": [],
      "properties": {
        "id": 124,
        "order": 75,
        "prevSize": 20,
        "code": 59650,
        "name": "ccw"
      },
      "setIdx": 2,
      "setId": 4,
      "iconIdx": 123
    },
    {
      "icon": {
        "paths": [
          "M772.762 342.733h47.104v146.534l204.134-206.029-204.186-206.080v122.214h-47.104c-189.133 0-295.731 140.186-389.837 263.782-84.582 111.206-157.696 207.309-275.763 207.309h-107.11v143.309h107.162c189.133 0 295.731-140.083 389.837-263.782 84.582-111.258 157.696-207.258 275.763-207.258zM276.992 433.050c8.090-10.394 16.179-21.094 24.422-31.898 19.968-26.317 41.165-54.016 64.102-81.715-67.686-63.181-149.248-109.773-258.355-109.773h-107.162v143.309h107.162c67.942 0 120.934 31.898 169.83 80.077zM819.814 680.653h-47.104c-72.038 0-127.334-35.891-178.739-88.986-5.12 6.707-10.291 13.517-15.514 20.326-22.579 29.696-46.848 61.491-73.677 93.082 69.427 67.789 153.6 118.989 267.878 118.989h47.104v122.778l204.237-206.080-204.186-206.080v145.971z"
        ],
        "attrs": [],
        "isMulticolor": false,
        "isMulticolor2": false,
        "tags": [
          "shuffle"
        ],
        "grid": 20
      },
      "attrs": [],
      "properties": {
        "id": 277,
        "order": 73,
        "prevSize": 20,
        "code": 59653,
        "name": "shuffle"
      },
      "setIdx": 2,
      "setId": 4,
      "iconIdx": 276
    },
    {
      "icon": {
        "paths": [
          "M395.52 109.875c-52.019 38.707-65.997 99.994-63.437 132.608 3.277 39.885 11.366 91.802 11.366 91.802s-16.026 8.704-16.026 43.725c5.581 87.91 34.97 49.971 41.011 88.525 14.541 92.877 47.77 76.339 47.77 127.027 0 84.429-34.816 123.904-143.514 170.701-109.056 47.002-221.491 106.138-221.491 208.538v51.2h921.6v-51.2c0-102.4-112.486-161.536-221.594-208.486-108.698-46.797-143.411-86.221-143.411-170.701 0-50.688 33.126-34.15 47.718-127.027 6.093-38.554 35.43-0.614 41.114-88.525 0-35.021-16.077-43.725-16.077-43.725s8.090-51.917 11.315-91.802c3.328-41.83-20.378-131.123-117.76-158.515-17.050-17.408-28.57-45.107 23.859-72.909-114.688-5.376-141.363 54.63-202.445 98.765z"
        ],
        "attrs": [],
        "isMulticolor": false,
        "isMulticolor2": false,
        "tags": [
          "user"
        ],
        "grid": 20
      },
      "attrs": [],
      "properties": {
        "id": 311,
        "order": 74,
        "prevSize": 20,
        "code": 59654,
        "name": "user"
      },
      "setIdx": 2,
      "setId": 4,
      "iconIdx": 310
    },
    {
      "icon": {
        "paths": [
          "M358.4 0h-51.2l-307.2 153.6v307.2l204.8-51.2v614.4h614.4v-614.4l204.8 51.2v-307.2l-307.2-153.6h-51.2c0 84.831-68.769 153.6-153.6 153.6s-153.6-68.769-153.6-153.6v0z"
        ],
        "attrs": [],
        "isMulticolor": false,
        "isMulticolor2": false,
        "tags": [
          "apparel"
        ],
        "grid": 20
      },
      "attrs": [],
      "properties": {
        "id": 12,
        "order": 69,
        "prevSize": 20,
        "code": 59655,
        "name": "apparel"
      },
      "setIdx": 3,
      "setId": 3,
      "iconIdx": 11
    },
    {
      "icon": {
        "paths": [
          "M0 512l358.4-358.4h665.6v716.8h-665.6l-358.4-358.4zM737.792 512l109.056-108.544-72.704-72.704-108.544 109.568-108.544-109.056-72.704 72.704 109.568 108.032-109.056 108.544 72.704 72.704 108.032-109.568 108.544 109.056 72.704-72.704-109.568-108.032z"
        ],
        "attrs": [],
        "isMulticolor": false,
        "isMulticolor2": false,
        "tags": [
          "backspace"
        ],
        "grid": 20
      },
      "attrs": [],
      "properties": {
        "id": 32,
        "order": 66,
        "prevSize": 20,
        "code": 59656,
        "name": "backspace"
      },
      "setIdx": 3,
      "setId": 3,
      "iconIdx": 31
    },
    {
      "icon": {
        "paths": [
          "M102.4 102.4c0-56.32 46.080-102.4 102.4-102.4h614.4c56.554 0 102.4 45.846 102.4 102.4v0 921.6l-409.6-204.8-409.6 204.8v-921.6z"
        ],
        "attrs": [],
        "isMulticolor": false,
        "isMulticolor2": false,
        "tags": [
          "bookmark"
        ],
        "grid": 20
      },
      "attrs": [],
      "properties": {
        "id": 44,
        "order": 68,
        "prevSize": 20,
        "code": 59657,
        "name": "bookmark"
      },
      "setIdx": 3,
      "setId": 3,
      "iconIdx": 43
    },
    {
      "icon": {
        "paths": [
          "M102.4 102.4c0-56.32 46.080-102.4 102.4-102.4h614.4c56.554 0 102.4 45.846 102.4 102.4v0 921.6l-409.6-204.8-409.6 204.8v-921.6zM204.8 102.4v768l307.2-153.6 307.2 153.6v-768h-614.4z"
        ],
        "attrs": [],
        "isMulticolor": false,
        "isMulticolor2": false,
        "tags": [
          "bookmark-outline"
        ],
        "grid": 20
      },
      "attrs": [],
      "properties": {
        "id": 47,
        "order": 67,
        "prevSize": 20,
        "code": 59658,
        "name": "bookmark-outline"
      },
      "setIdx": 3,
      "setId": 3,
      "iconIdx": 46
    },
    {
      "icon": {
        "paths": [
          "M51.2 512h153.6v512h-153.6v-512zM307.2 0h153.6v1024h-153.6v-1024zM563.2 409.6h153.6v614.4h-153.6v-614.4zM819.2 204.8h153.6v819.2h-153.6v-819.2z"
        ],
        "attrs": [],
        "isMulticolor": false,
        "isMulticolor2": false,
        "tags": [
          "chart-bar"
        ],
        "grid": 20
      },
      "attrs": [],
      "properties": {
        "id": 71,
        "order": 65,
        "prevSize": 20,
        "code": 59659,
        "name": "chart-bar"
      },
      "setIdx": 3,
      "setId": 3,
      "iconIdx": 70
    },
    {
      "icon": {
        "paths": [
          "M512 768l-204.8 204.8v-204.8h-204.8c-56.554 0-102.4-45.846-102.4-102.4v0-512c0-56.32 46.080-102.4 102.4-102.4h819.2c56.554 0 102.4 45.846 102.4 102.4v0 512c0 56.554-45.846 102.4-102.4 102.4v0h-409.6zM256 358.4v102.4h102.4v-102.4h-102.4zM460.8 358.4v102.4h102.4v-102.4h-102.4zM665.6 358.4v102.4h102.4v-102.4h-102.4z"
        ],
        "attrs": [],
        "isMulticolor": false,
        "isMulticolor2": false,
        "tags": [
          "chat-bubble-dots"
        ],
        "grid": 20
      },
      "attrs": [],
      "properties": {
        "id": 73,
        "order": 64,
        "prevSize": 20,
        "code": 59660,
        "name": "chat-bubble-dots"
      },
      "setIdx": 3,
      "setId": 3,
      "iconIdx": 72
    },
    {
      "icon": {
        "paths": [
          "M150.016 873.984c-96.436-93.233-156.308-223.762-156.308-368.276 0-282.77 229.23-512 512-512 144.514 0 275.043 59.872 368.137 156.164l0.138 0.144c88.925 91.979 143.724 217.436 143.724 355.692 0 282.77-229.23 512-512 512-138.256 0-263.713-54.799-355.836-143.863l0.144 0.138zM801.792 801.792c74.164-74.164 120.036-176.621 120.036-289.792 0-226.342-183.486-409.828-409.828-409.828-113.171 0-215.628 45.872-289.792 120.036l-0 0c-74.164 74.164-120.036 176.621-120.036 289.792 0 226.342 183.486 409.828 409.828 409.828 113.171 0 215.628-45.872 289.792-120.036l-0 0zM343.040 475.648l117.76 118.272 220.16-220.16 71.68 72.704-291.84 290.816-189.44-189.44 71.68-72.704z"
        ],
        "attrs": [],
        "isMulticolor": false,
        "isMulticolor2": false,
        "tags": [
          "checkmark-outline"
        ],
        "grid": 20
      },
      "attrs": [],
      "properties": {
        "id": 75,
        "order": 62,
        "prevSize": 20,
        "code": 59662,
        "name": "checkmark-outline"
      },
      "setIdx": 3,
      "setId": 3,
      "iconIdx": 74
    },
    {
      "icon": {
        "paths": [
          "M475.802 663.040l36.198 36.198 289.638-289.638-72.397-72.397-217.242 217.19-217.242-217.19-72.397 72.397z"
        ],
        "attrs": [],
        "isMulticolor": false,
        "isMulticolor2": false,
        "tags": [
          "cheveron-down"
        ],
        "grid": 20
      },
      "attrs": [],
      "properties": {
        "id": 76,
        "order": 60,
        "prevSize": 20,
        "code": 59663,
        "name": "cheveron-down"
      },
      "setIdx": 3,
      "setId": 3,
      "iconIdx": 75
    },
    {
      "icon": {
        "paths": [
          "M360.96 475.802l-36.198 36.198 289.638 289.638 72.397-72.397-217.19-217.242 217.19-217.242-72.397-72.397z"
        ],
        "attrs": [],
        "isMulticolor": false,
        "isMulticolor2": false,
        "tags": [
          "cheveron-left"
        ],
        "grid": 20
      },
      "attrs": [],
      "properties": {
        "id": 77,
        "order": 59,
        "prevSize": 20,
        "code": 59664,
        "name": "cheveron-left"
      },
      "setIdx": 3,
      "setId": 3,
      "iconIdx": 76
    },
    {
      "icon": {
        "paths": [
          "M1024 512c0 282.77-229.23 512-512 512s-512-229.23-512-512v0c0-282.77 229.23-512 512-512s512 229.23 512 512v0zM512 102.4c-226.216 0-409.6 183.384-409.6 409.6s183.384 409.6 409.6 409.6v0c226.216 0 409.6-183.384 409.6-409.6s-183.384-409.6-409.6-409.6v0zM476.16 642.048l-181.76-181.248 72.192-72.192 145.408 143.872 144.896-144.384 72.192 72.704-217.088 217.088-35.84-35.84z"
        ],
        "attrs": [],
        "isMulticolor": false,
        "isMulticolor2": false,
        "tags": [
          "cheveron-outline-down"
        ],
        "grid": 20
      },
      "attrs": [],
      "properties": {
        "id": 78,
        "order": 61,
        "prevSize": 20,
        "code": 59665,
        "name": "cheveron-outline-down"
      },
      "setIdx": 3,
      "setId": 3,
      "iconIdx": 77
    },
    {
      "icon": {
        "paths": [
          "M663.040 548.198l36.198-36.198-289.638-289.638-72.397 72.397 217.19 217.242-217.19 217.242 72.397 72.397 253.44-253.44z"
        ],
        "attrs": [],
        "isMulticolor": false,
        "isMulticolor2": false,
        "tags": [
          "cheveron-right"
        ],
        "grid": 20
      },
      "attrs": [],
      "properties": {
        "id": 82,
        "order": 53,
        "prevSize": 20,
        "code": 59666,
        "name": "cheveron-right"
      },
      "setIdx": 3,
      "setId": 3,
      "iconIdx": 81
    },
    {
      "icon": {
        "paths": [
          "M548.198 360.96l-36.198-36.198-289.638 289.638 72.397 72.397 217.242-217.19 217.242 217.19 72.397-72.397z"
        ],
        "attrs": [],
        "isMulticolor": false,
        "isMulticolor2": false,
        "tags": [
          "cheveron-up"
        ],
        "grid": 20
      },
      "attrs": [],
      "properties": {
        "id": 83,
        "order": 54,
        "prevSize": 20,
        "code": 59667,
        "name": "cheveron-up"
      },
      "setIdx": 3,
      "setId": 3,
      "iconIdx": 82
    },
    {
      "icon": {
        "paths": [
          "M512 439.603l-362.035-362.035-72.397 72.397 362.035 362.035-362.035 362.035 72.397 72.397 362.035-362.035 362.035 362.035 72.397-72.397-362.035-362.035 362.035-362.035-72.397-72.397-362.035 362.035z"
        ],
        "attrs": [],
        "isMulticolor": false,
        "isMulticolor2": false,
        "tags": [
          "close"
        ],
        "grid": 20
      },
      "attrs": [],
      "properties": {
        "id": 85,
        "order": 52,
        "prevSize": 20,
        "code": 59668,
        "name": "close2"
      },
      "setIdx": 3,
      "setId": 3,
      "iconIdx": 84
    },
    {
      "icon": {
        "paths": [
          "M150.016 873.984c-96.436-93.233-156.308-223.762-156.308-368.276 0-282.77 229.23-512 512-512 144.514 0 275.043 59.872 368.137 156.164l0.138 0.144c88.925 91.979 143.724 217.436 143.724 355.692 0 282.77-229.23 512-512 512-138.256 0-263.713-54.799-355.836-143.863l0.144 0.138zM222.208 801.792c74.164 74.164 176.621 120.036 289.792 120.036 226.342 0 409.828-183.486 409.828-409.828 0-113.171-45.872-215.628-120.036-289.792l-0-0c-74.164-74.164-176.621-120.036-289.792-120.036-226.342 0-409.828 183.486-409.828 409.828 0 113.171 45.872 215.628 120.036 289.792l-0-0zM729.088 367.104l-144.896 144.896 144.896 144.896-72.192 72.192-144.896-144.896-144.896 144.896-72.192-72.192 144.896-144.896-144.896-144.896 72.192-72.192 144.896 144.896 144.896-144.896 72.192 72.192z"
        ],
        "attrs": [],
        "isMulticolor": false,
        "isMulticolor2": false,
        "tags": [
          "close-outline"
        ],
        "grid": 20
      },
      "attrs": [],
      "properties": {
        "id": 86,
        "order": 55,
        "prevSize": 20,
        "code": 59669,
        "name": "close-outline"
      },
      "setIdx": 3,
      "setId": 3,
      "iconIdx": 85
    },
    {
      "icon": {
        "paths": [
          "M150.016 873.984c-96.436-93.233-156.308-223.762-156.308-368.276 0-282.77 229.23-512 512-512 144.514 0 275.043 59.872 368.137 156.164l0.138 0.144c88.925 91.979 143.724 217.436 143.724 355.692 0 282.77-229.23 512-512 512-138.256 0-263.713-54.799-355.836-143.863l0.144 0.138zM583.68 512l144.896-144.896-72.192-72.192-144.384 144.896-144.896-144.896-72.192 72.192 144.896 144.896-144.896 144.896 72.192 72.192 144.896-144.896 144.896 144.896 72.192-72.192-144.896-144.896z"
        ],
        "attrs": [],
        "isMulticolor": false,
        "isMulticolor2": false,
        "tags": [
          "close-solid"
        ],
        "grid": 20
      },
      "attrs": [],
      "properties": {
        "id": 87,
        "order": 56,
        "prevSize": 20,
        "code": 59670,
        "name": "close-solid"
      },
      "setIdx": 3,
      "setId": 3,
      "iconIdx": 86
    },
    {
      "icon": {
        "paths": [
          "M201.728 332.8l-88.064-146.432 72.704-72.704 146.432 88.064c26.624-15.36 56.32-27.648 87.040-35.84l40.96-165.888h102.4l40.96 165.888c30.72 8.192 60.416 20.48 87.040 35.84l146.432-88.064 72.704 72.704-88.064 146.432c15.36 26.624 27.648 56.32 35.84 87.040l165.888 40.96v102.4l-165.888 40.96c-8.192 30.72-20.48 60.416-35.84 87.040l88.064 146.432-72.704 72.704-146.432-88.064c-26.624 15.36-56.32 27.648-87.040 35.84l-40.96 165.888h-102.4l-40.96-165.888c-30.72-8.192-60.416-20.48-87.040-35.84l-146.432 88.064-72.704-72.704 88.064-146.432c-15.36-26.624-27.648-56.32-35.84-87.040l-165.888-40.96v-102.4l165.888-40.96c8.192-30.72 20.48-60.416 35.84-87.040zM512 665.6c84.831 0 153.6-68.769 153.6-153.6s-68.769-153.6-153.6-153.6v0c-84.831 0-153.6 68.769-153.6 153.6s68.769 153.6 153.6 153.6v0z"
        ],
        "attrs": [],
        "isMulticolor": false,
        "isMulticolor2": false,
        "tags": [
          "cog"
        ],
        "grid": 20
      },
      "attrs": [],
      "properties": {
        "id": 92,
        "order": 57,
        "prevSize": 20,
        "code": 59671,
        "name": "cog2"
      },
      "setIdx": 3,
      "setId": 3,
      "iconIdx": 91
    },
    {
      "icon": {
        "paths": [
          "M870.4 563.2v153.6l-153.6-153.6h-307.2c-56.554 0-102.4-45.846-102.4-102.4v0-358.4c0-56.32 46.080-102.4 102.4-102.4h512c56.554 0 102.4 45.846 102.4 102.4v0 358.4c0 56.554-45.846 102.4-102.4 102.4v0h-51.2zM716.8 665.6v102.4c0 56.554-45.846 102.4-102.4 102.4v0h-307.2l-153.6 153.6v-153.6h-51.2c-56.554 0-102.4-45.846-102.4-102.4v0-358.4c0-56.32 46.080-102.4 102.4-102.4h102.4v153.6c0 113.108 91.692 204.8 204.8 204.8v0h307.2z"
        ],
        "attrs": [],
        "isMulticolor": false,
        "isMulticolor2": false,
        "tags": [
          "conversation"
        ],
        "grid": 20
      },
      "attrs": [],
      "properties": {
        "id": 97,
        "order": 58,
        "prevSize": 20,
        "code": 59672,
        "name": "conversation"
      },
      "setIdx": 3,
      "setId": 3,
      "iconIdx": 96
    },
    {
      "icon": {
        "paths": [
          "M512 614.4c-56.554 0-102.4-45.846-102.4-102.4s45.846-102.4 102.4-102.4v0c56.554 0 102.4 45.846 102.4 102.4s-45.846 102.4-102.4 102.4v0zM512 307.2c-56.554 0-102.4-45.846-102.4-102.4s45.846-102.4 102.4-102.4v0c56.554 0 102.4 45.846 102.4 102.4s-45.846 102.4-102.4 102.4v0zM512 921.6c-56.554 0-102.4-45.846-102.4-102.4s45.846-102.4 102.4-102.4v0c56.554 0 102.4 45.846 102.4 102.4s-45.846 102.4-102.4 102.4v0z"
        ],
        "attrs": [],
        "isMulticolor": false,
        "isMulticolor2": false,
        "tags": [
          "dots-horizontal-triple"
        ],
        "grid": 20
      },
      "attrs": [],
      "properties": {
        "id": 108,
        "order": 51,
        "prevSize": 20,
        "code": 59673,
        "name": "dots-horizontal-triple"
      },
      "setIdx": 3,
      "setId": 3,
      "iconIdx": 107
    },
    {
      "icon": {
        "paths": [
          "M665.6 409.6v-307.2h-307.2v307.2h-256l409.6 409.6 409.6-409.6h-256zM0 921.6h1024v102.4h-1024v-102.4z"
        ],
        "attrs": [],
        "isMulticolor": false,
        "isMulticolor2": false,
        "tags": [
          "download"
        ],
        "grid": 20
      },
      "attrs": [],
      "properties": {
        "id": 109,
        "order": 50,
        "prevSize": 20,
        "code": 59674,
        "name": "download"
      },
      "setIdx": 3,
      "setId": 3,
      "iconIdx": 108
    },
    {
      "icon": {
        "paths": [
          "M512 164.864l-31.232-30.72c-50.338-47.679-118.487-76.997-193.485-76.997-155.523 0-281.6 126.077-281.6 281.6 0 74.87 29.219 142.916 76.875 193.356l-0.126-0.135 429.568 429.568 429.568-430.080c47.53-50.306 76.749-118.352 76.749-193.221 0-155.523-126.077-281.6-281.6-281.6-74.997 0-143.147 29.318-193.613 77.118l0.129-0.121-31.232 31.232z"
        ],
        "attrs": [],
        "isMulticolor": false,
        "isMulticolor2": false,
        "tags": [
          "heart"
        ],
        "grid": 20
      },
      "attrs": [],
      "properties": {
        "id": 142,
        "order": 47,
        "prevSize": 20,
        "code": 59675,
        "name": "heart"
      },
      "setIdx": 3,
      "setId": 3,
      "iconIdx": 141
    },
    {
      "icon": {
        "paths": [
          "M409.6 1024h-256v-512h-153.6l512-512 512 512h-153.6v512h-256v-307.2h-204.8v307.2z"
        ],
        "attrs": [],
        "isMulticolor": false,
        "isMulticolor2": false,
        "tags": [
          "home"
        ],
        "grid": 20
      },
      "attrs": [],
      "properties": {
        "id": 143,
        "order": 46,
        "prevSize": 20,
        "code": 59676,
        "name": "home"
      },
      "setIdx": 3,
      "setId": 3,
      "iconIdx": 142
    },
    {
      "icon": {
        "paths": [
          "M51.2 204.8h102.4v102.4h-102.4v-102.4zM256 204.8h716.8v102.4h-716.8v-102.4zM51.2 460.8h102.4v102.4h-102.4v-102.4zM256 460.8h716.8v102.4h-716.8v-102.4zM51.2 716.8h102.4v102.4h-102.4v-102.4zM256 716.8h716.8v102.4h-716.8v-102.4z"
        ],
        "attrs": [],
        "isMulticolor": false,
        "isMulticolor2": false,
        "tags": [
          "list"
        ],
        "grid": 20
      },
      "attrs": [],
      "properties": {
        "id": 160,
        "order": 44,
        "prevSize": 20,
        "code": 59677,
        "name": "list"
      },
      "setIdx": 3,
      "setId": 3,
      "iconIdx": 159
    },
    {
      "icon": {
        "paths": [
          "M204.8 409.6v-102.4c0-169.662 137.538-307.2 307.2-307.2s307.2 137.538 307.2 307.2v0 102.4h51.2c56.554 0 102.4 45.846 102.4 102.4v0 409.6c0 56.554-45.846 102.4-102.4 102.4v0h-716.8c-56.554 0-102.4-45.846-102.4-102.4v0-409.6c0-56.32 46.080-102.4 102.4-102.4h51.2zM460.8 754.176v116.224h102.4v-116.224c30.824-18.035 51.2-50.978 51.2-88.681 0-56.554-45.846-102.4-102.4-102.4s-102.4 45.846-102.4 102.4c0 37.703 20.376 70.646 50.717 88.419l0.483 0.262zM358.4 307.2v102.4h307.2v-102.4c0-84.831-68.769-153.6-153.6-153.6s-153.6 68.769-153.6 153.6v0z"
        ],
        "attrs": [],
        "isMulticolor": false,
        "isMulticolor2": false,
        "tags": [
          "lock-closed"
        ],
        "grid": 20
      },
      "attrs": [],
      "properties": {
        "id": 173,
        "order": 42,
        "prevSize": 20,
        "code": 59679,
        "name": "lock-closed"
      },
      "setIdx": 3,
      "setId": 3,
      "iconIdx": 172
    },
    {
      "icon": {
        "paths": [
          "M204.8 409.6v-102.4c0-169.662 137.538-307.2 307.2-307.2s307.2 137.538 307.2 307.2v0h-153.6v102.4h204.8c56.554 0 102.4 45.846 102.4 102.4v0 409.6c0 56.554-45.846 102.4-102.4 102.4v0h-716.8c-56.554 0-102.4-45.846-102.4-102.4v0-409.6c0-56.32 46.080-102.4 102.4-102.4h51.2zM460.8 754.176v116.224h102.4v-116.224c30.824-18.035 51.2-50.978 51.2-88.681 0-56.554-45.846-102.4-102.4-102.4s-102.4 45.846-102.4 102.4c0 37.703 20.376 70.646 50.717 88.419l0.483 0.262zM358.4 307.2v102.4h307.2v-102.4c0-84.831-68.769-153.6-153.6-153.6s-153.6 68.769-153.6 153.6v0z"
        ],
        "attrs": [],
        "isMulticolor": false,
        "isMulticolor2": false,
        "tags": [
          "lock-open"
        ],
        "grid": 20
      },
      "attrs": [],
      "properties": {
        "id": 174,
        "order": 41,
        "prevSize": 20,
        "code": 59680,
        "name": "lock-open"
      },
      "setIdx": 3,
      "setId": 3,
      "iconIdx": 173
    },
    {
      "icon": {
        "paths": [
          "M0 153.6h1024v102.4h-1024v-102.4zM0 460.8h1024v102.4h-1024v-102.4zM0 768h1024v102.4h-1024v-102.4z"
        ],
        "attrs": [],
        "isMulticolor": false,
        "isMulticolor2": false,
        "tags": [
          "menu"
        ],
        "grid": 20
      },
      "attrs": [],
      "properties": {
        "id": 176,
        "order": 40,
        "prevSize": 20,
        "code": 59681,
        "name": "menu2"
      },
      "setIdx": 3,
      "setId": 3,
      "iconIdx": 175
    },
    {
      "icon": {
        "paths": [
          "M1024 128v-128l-716.8 102.4v623.104c-15.181-5.515-32.704-8.704-50.972-8.704-0.080 0-0.16 0-0.24 0l0.012-0h-102.4c-84.831 0-153.6 68.769-153.6 153.6s68.769 153.6 153.6 153.6v0h102.4c84.831 0 153.6-68.769 153.6-153.6v0-578.048l512-72.192v403.456c-15.181-5.515-32.704-8.704-50.972-8.704-0.080 0-0.16 0-0.24 0l0.012-0h-102.4c-84.831-0-153.6 68.769-153.6 153.6s68.769 153.6 153.6 153.6h102.4c84.831 0 153.6-68.769 153.6-153.6v0-640.512z"
        ],
        "attrs": [],
        "isMulticolor": false,
        "isMulticolor2": false,
        "tags": [
          "music-notes"
        ],
        "grid": 20
      },
      "attrs": [],
      "properties": {
        "id": 190,
        "order": 39,
        "prevSize": 20,
        "code": 59682,
        "name": "music-notes"
      },
      "setIdx": 3,
      "setId": 3,
      "iconIdx": 189
    },
    {
      "icon": {
        "paths": [
          "M819.2 870.4c0 84.831-68.769 153.6-153.6 153.6v0h-102.4c-84.831 0-153.6-68.769-153.6-153.6s68.769-153.6 153.6-153.6v0h102.4c0.068-0 0.148-0 0.228-0 18.268 0 35.791 3.189 52.043 9.041l-1.071-0.337v-674.304l307.2-51.2v204.8l-204.8 34.304v631.296zM0 153.6h614.4v102.4h-614.4v-102.4zM0 358.4h614.4v102.4h-614.4v-102.4zM0 563.2h614.4v102.4h-614.4v-102.4zM0 768h307.2v102.4h-307.2v-102.4z"
        ],
        "attrs": [],
        "isMulticolor": false,
        "isMulticolor2": false,
        "tags": [
          "music-playlist"
        ],
        "grid": 20
      },
      "attrs": [],
      "properties": {
        "id": 191,
        "order": 38,
        "prevSize": 20,
        "code": 59683,
        "name": "music-playlist"
      },
      "setIdx": 3,
      "setId": 3,
      "iconIdx": 190
    },
    {
      "icon": {
        "paths": [
          "M204.8 614.4c-56.554 0-102.4-45.846-102.4-102.4s45.846-102.4 102.4-102.4v0c56.554 0 102.4 45.846 102.4 102.4s-45.846 102.4-102.4 102.4v0zM512 614.4c-56.554 0-102.4-45.846-102.4-102.4s45.846-102.4 102.4-102.4v0c56.554 0 102.4 45.846 102.4 102.4s-45.846 102.4-102.4 102.4v0zM819.2 614.4c-56.554 0-102.4-45.846-102.4-102.4s45.846-102.4 102.4-102.4v0c56.554 0 102.4 45.846 102.4 102.4s-45.846 102.4-102.4 102.4v0z"
        ],
        "attrs": [],
        "isMulticolor": false,
        "isMulticolor2": false,
        "tags": [
          "navigation-more"
        ],
        "grid": 20
      },
      "attrs": [],
      "properties": {
        "id": 192,
        "order": 37,
        "prevSize": 20,
        "code": 59684,
        "name": "navigation-more"
      },
      "setIdx": 3,
      "setId": 3,
      "iconIdx": 191
    },
    {
      "icon": {
        "paths": [
          "M256 204.8h153.6v614.4h-153.6v-614.4zM614.4 204.8h153.6v614.4h-153.6v-614.4z"
        ],
        "attrs": [],
        "isMulticolor": false,
        "isMulticolor2": false,
        "tags": [
          "pause"
        ],
        "grid": 20
      },
      "attrs": [],
      "properties": {
        "id": 199,
        "order": 36,
        "prevSize": 20,
        "code": 59685,
        "name": "pause2"
      },
      "setIdx": 3,
      "setId": 3,
      "iconIdx": 198
    },
    {
      "icon": {
        "paths": [
          "M150.016 873.984c-96.436-93.233-156.308-223.762-156.308-368.276 0-282.77 229.23-512 512-512 144.514 0 275.043 59.872 368.137 156.164l0.138 0.144c88.925 91.979 143.724 217.436 143.724 355.692 0 282.77-229.23 512-512 512-138.256 0-263.713-54.799-355.836-143.863l0.144 0.138zM801.792 801.792c74.164-74.164 120.036-176.621 120.036-289.792 0-226.342-183.486-409.828-409.828-409.828-113.171 0-215.628 45.872-289.792 120.036l-0 0c-74.164 74.164-120.036 176.621-120.036 289.792 0 226.342 183.486 409.828 409.828 409.828 113.171 0 215.628-45.872 289.792-120.036l-0 0zM358.4 307.2h102.4v409.6h-102.4v-409.6zM563.2 307.2h102.4v409.6h-102.4v-409.6z"
        ],
        "attrs": [],
        "isMulticolor": false,
        "isMulticolor2": false,
        "tags": [
          "pause-outline"
        ],
        "grid": 20
      },
      "attrs": [],
      "properties": {
        "id": 200,
        "order": 35,
        "prevSize": 20,
        "code": 59686,
        "name": "pause-outline"
      },
      "setIdx": 3,
      "setId": 3,
      "iconIdx": 199
    },
    {
      "icon": {
        "paths": [
          "M204.8 204.8l614.4 307.2-614.4 307.2z"
        ],
        "attrs": [],
        "isMulticolor": false,
        "isMulticolor2": false,
        "tags": [
          "play"
        ],
        "grid": 20
      },
      "attrs": [],
      "properties": {
        "id": 207,
        "order": 34,
        "prevSize": 20,
        "code": 59687,
        "name": "play2"
      },
      "setIdx": 3,
      "setId": 3,
      "iconIdx": 206
    },
    {
      "icon": {
        "paths": [
          "M819.2 870.4c0 84.831-68.769 153.6-153.6 153.6v0h-102.4c-84.831 0-153.6-68.769-153.6-153.6s68.769-153.6 153.6-153.6v0h102.4c0.068-0 0.148-0 0.228-0 18.268 0 35.791 3.189 52.043 9.041l-1.071-0.337v-674.304l307.2-51.2v204.8l-204.8 34.304v631.296zM0 153.6h614.4v102.4h-614.4v-102.4zM0 358.4h614.4v102.4h-614.4v-102.4zM0 563.2h614.4v102.4h-614.4v-102.4zM0 768h307.2v102.4h-307.2v-102.4z"
        ],
        "attrs": [],
        "isMulticolor": false,
        "isMulticolor2": false,
        "tags": [
          "playlist"
        ],
        "grid": 20
      },
      "attrs": [],
      "properties": {
        "id": 209,
        "order": 33,
        "prevSize": 20,
        "code": 59688,
        "name": "playlist"
      },
      "setIdx": 3,
      "setId": 3,
      "iconIdx": 208
    },
    {
      "icon": {
        "paths": [
          "M0 102.4c0-56.32 46.080-102.4 102.4-102.4h716.8l204.8 204.8v716.8c0 56.554-45.846 102.4-102.4 102.4v0h-819.2c-56.554 0-102.4-45.846-102.4-102.4v0-819.2zM256 102.4v307.2h512v-307.2h-512zM563.2 153.6h153.6v204.8h-153.6v-204.8z"
        ],
        "attrs": [],
        "isMulticolor": false,
        "isMulticolor2": false,
        "tags": [
          "save-disk"
        ],
        "grid": 20
      },
      "attrs": [],
      "properties": {
        "id": 224,
        "order": 32,
        "prevSize": 20,
        "code": 59689,
        "name": "save-disk"
      },
      "setIdx": 3,
      "setId": 3,
      "iconIdx": 223
    },
    {
      "icon": {
        "paths": [
          "M143.36 808.96l-143.36-143.36v358.4h358.4l-143.36-143.36 222.208-221.184-72.704-72.704-221.184 222.208zM880.64 215.040l143.36 143.36v-358.4h-358.4l143.36 143.36-222.208 221.184 72.704 72.704 221.184-222.208zM808.96 880.64l-143.36 143.36h358.4v-358.4l-143.36 143.36-221.184-222.208-72.704 72.704 221.696 221.696zM215.040 143.36l143.36-143.36h-358.4v358.4l143.36-143.36 221.184 222.208 72.704-72.704-222.208-221.184z"
        ],
        "attrs": [],
        "isMulticolor": false,
        "isMulticolor2": false,
        "tags": [
          "screen-full"
        ],
        "grid": 20
      },
      "attrs": [],
      "properties": {
        "id": 225,
        "order": 31,
        "prevSize": 20,
        "code": 59690,
        "name": "screen-full"
      },
      "setIdx": 3,
      "setId": 3,
      "iconIdx": 224
    },
    {
      "icon": {
        "paths": [
          "M337.408 656.896l-112.128 111.104c-29.696 29.696-81.408 51.2-122.88 51.2h-102.4v-102.4h102.4c14.848 0 40.96-10.24 51.2-20.992l111.104-111.616 72.704 72.704zM819.2 204.8v-153.6l204.8 204.8-204.8 204.8v-153.6h-102.4c-14.848 0-40.96 10.24-51.2 20.992l-111.104 111.616-73.216-72.704 112.64-111.104c29.696-29.696 81.408-51.2 123.392-51.2h102.4zM819.2 716.8v-153.6l204.8 204.8-204.8 204.8v-153.6h-102.4c-41.984 0-93.696-21.504-123.392-51.2l-440.32-439.808c-9.728-10.24-35.328-20.992-50.688-20.992h-102.4v-102.4h102.4c41.984 0 93.696 21.504 123.392 51.2l440.32 439.808c10.24 10.24 35.84 20.992 50.688 20.992h102.4z"
        ],
        "attrs": [],
        "isMulticolor": false,
        "isMulticolor2": false,
        "tags": [
          "shuffle"
        ],
        "grid": 20
      },
      "attrs": [],
      "properties": {
        "id": 235,
        "order": 25,
        "prevSize": 20,
        "code": 59691,
        "name": "shuffle2"
      },
      "setIdx": 3,
      "setId": 3,
      "iconIdx": 234
    },
    {
      "icon": {
        "paths": [
          "M212.992 212.992l72.704 72.704c-81.127 66.138-132.521 166.076-132.521 278.017 0 197.656 160.232 357.888 357.888 357.888 0.329 0 0.659-0 0.988-0.001l-0.051 0c197.722-0.287 357.896-160.638 357.896-358.4 0-111.594-51.003-211.277-130.969-277.008l-0.622-0.496 72.704-72.704c99.127 85.029 161.536 210.425 161.536 350.396 0 254.493-206.307 460.8-460.8 460.8s-460.8-206.307-460.8-460.8c0-139.972 62.408-265.367 160.917-349.878l0.619-0.518zM460.8 0h102.4v409.6h-102.4v-409.6z"
        ],
        "attrs": [],
        "isMulticolor": false,
        "isMulticolor2": false,
        "tags": [
          "stand-by"
        ],
        "grid": 20
      },
      "attrs": [],
      "properties": {
        "id": 236,
        "order": 29,
        "prevSize": 20,
        "code": 59692,
        "name": "stand-by"
      },
      "setIdx": 3,
      "setId": 3,
      "iconIdx": 235
    },
    {
      "icon": {
        "paths": [
          "M307.2 102.4l102.4-102.4h204.8l102.4 102.4h204.8v102.4h-819.2v-102.4h204.8zM153.6 307.2h716.8l-51.2 716.8h-614.4l-51.2-716.8zM409.6 409.6v512h51.2v-512h-51.2zM563.2 409.6v512h51.2v-512h-51.2z"
        ],
        "attrs": [],
        "isMulticolor": false,
        "isMulticolor2": false,
        "tags": [
          "trash"
        ],
        "grid": 20
      },
      "attrs": [],
      "properties": {
        "id": 260,
        "order": 30,
        "prevSize": 20,
        "code": 59693,
        "name": "trash"
      },
      "setIdx": 3,
      "setId": 3,
      "iconIdx": 259
    },
    {
      "icon": {
        "paths": [
          "M0 153.6h1024v102.4h-1024v-102.4zM0 358.4h1024v102.4h-1024v-102.4zM0 563.2h1024v102.4h-1024v-102.4zM0 768h1024v102.4h-1024v-102.4z"
        ],
        "attrs": [],
        "isMulticolor": false,
        "isMulticolor2": false,
        "tags": [
          "view-list"
        ],
        "grid": 20
      },
      "attrs": [],
      "properties": {
        "id": 282,
        "order": 28,
        "prevSize": 20,
        "code": 59694,
        "name": "view-list"
      },
      "setIdx": 3,
      "setId": 3,
      "iconIdx": 281
    },
    {
      "icon": {
        "paths": [
          "M768 439.808l-108.544-109.056-72.704 72.704 109.568 108.544-109.056 108.544 72.704 72.704 108.032-109.568 108.544 109.056 72.704-72.704-109.568-108.032 109.056-108.544-72.704-72.704-108.032 109.568zM204.8 358.4h-204.8v307.2h204.8l256 256v-819.2l-256 256z"
        ],
        "attrs": [],
        "isMulticolor": false,
        "isMulticolor2": false,
        "tags": [
          "volume-off"
        ],
        "grid": 20
      },
      "attrs": [],
      "properties": {
        "id": 287,
        "order": 26,
        "prevSize": 20,
        "code": 59695,
        "name": "volume-off"
      },
      "setIdx": 3,
      "setId": 3,
      "iconIdx": 286
    },
    {
      "icon": {
        "paths": [
          "M256 358.4h-204.8v307.2h204.8l256 256v-819.2l-256 256zM837.632 837.632l-72.192-72.192c65.114-64.745 105.412-154.386 105.412-253.44s-40.299-188.695-105.396-253.424l-0.016-0.016 72.192-72.192c83.639 83.197 135.401 198.37 135.401 325.632s-51.762 242.434-135.381 325.612l-0.020 0.020zM693.248 693.248l-72.704-72.704c27.756-27.789 44.921-66.162 44.921-108.544s-17.165-80.755-44.922-108.546l0.002 0.002 72.704-72.704c46.713 46.235 75.639 110.363 75.639 181.248s-28.926 135.013-75.617 181.227l-0.021 0.021z"
        ],
        "attrs": [],
        "isMulticolor": false,
        "isMulticolor2": false,
        "tags": [
          "volume-up"
        ],
        "grid": 20
      },
      "attrs": [],
      "properties": {
        "id": 288,
        "order": 27,
        "prevSize": 20,
        "code": 59696,
        "name": "volume-up"
      },
      "setIdx": 3,
      "setId": 3,
      "iconIdx": 287
    },
    {
      "icon": {
        "paths": [
          "M810 274l-238 238 238 238-60 60-238-238-238 238-60-60 238-238-238-238 60-60 238 238 238-238z"
        ],
        "attrs": [
          {}
        ],
        "isMulticolor": false,
        "isMulticolor2": false,
        "grid": 0,
        "tags": [
          "close"
        ]
      },
      "attrs": [
        {}
      ],
      "properties": {
        "order": 22,
        "id": 6,
        "name": "close",
        "prevSize": 32,
        "code": 59651
      },
      "setIdx": 4,
      "setId": 2,
      "iconIdx": 3
    },
    {
      "icon": {
        "paths": [
          "M512 910l-62-56c-220-200-364-330-364-492 0-132 102-234 234-234 74 0 146 36 192 90 46-54 118-90 192-90 132 0 234 102 234 234 0 162-144 294-364 494z"
        ],
        "attrs": [
          {}
        ],
        "isMulticolor": false,
        "isMulticolor2": false,
        "grid": 0,
        "tags": [
          "favorite"
        ]
      },
      "attrs": [
        {}
      ],
      "properties": {
        "order": 23,
        "id": 5,
        "name": "favorite",
        "prevSize": 32,
        "code": 59652
      },
      "setIdx": 4,
      "setId": 2,
      "iconIdx": 4
    },
    {
      "icon": {
        "paths": [
          "M512 192c-54.932 0-107.988 8.662-157.694 25.742-46.712 16.054-88.306 38.744-123.628 67.444-66.214 53.798-102.678 122.984-102.678 194.814 0 40.298 11.188 79.378 33.252 116.152 22.752 37.92 56.982 72.586 98.988 100.252 30.356 19.992 50.78 51.948 56.176 87.894 1.8 11.984 2.928 24.088 3.37 36.124 7.47-6.194 14.75-12.846 21.88-19.976 24.154-24.152 56.78-37.49 90.502-37.49 5.368 0 10.762 0.336 16.156 1.024 20.974 2.666 42.398 4.020 63.676 4.020 54.934 0 107.988-8.66 157.694-25.742 46.712-16.054 88.306-38.744 123.628-67.444 66.214-53.796 102.678-122.984 102.678-194.814s-36.464-141.016-102.678-194.814c-35.322-28.698-76.916-51.39-123.628-67.444-49.706-17.080-102.76-25.742-157.694-25.742zM512 64v0c282.77 0 512 186.25 512 416 0 229.752-229.23 416-512 416-27.156 0-53.81-1.734-79.824-5.044-109.978 109.978-241.25 129.7-368.176 132.596v-26.916c68.536-33.578 128-94.74 128-164.636 0-9.754-0.758-19.33-2.164-28.696-115.796-76.264-189.836-192.754-189.836-323.304 0-229.75 229.23-416 512-416z"
        ],
        "tags": [
          "bubble",
          "comment",
          "chat",
          "talk"
        ],
        "defaultCode": 59758,
        "grid": 16,
        "attrs": []
      },
      "attrs": [],
      "properties": {
        "ligatures": "bubble2, comment2",
        "name": "bubble2",
        "order": 24,
        "id": 111,
        "prevSize": 32,
        "code": 59758
      },
      "setIdx": 5,
      "setId": 1,
      "iconIdx": 110
    },
    {
      "icon": {
        "paths": [
          "M512 0c-278.748 0-505.458 222.762-511.848 499.974 5.92-241.864 189.832-435.974 415.848-435.974 229.75 0 416 200.576 416 448 0 53.020 42.98 96 96 96s96-42.98 96-96c0-282.77-229.23-512-512-512zM512 1024c278.748 0 505.458-222.762 511.848-499.974-5.92 241.864-189.832 435.974-415.848 435.974-229.75 0-416-200.576-416-448 0-53.020-42.98-96-96-96s-96 42.98-96 96c0 282.77 229.23 512 512 512z"
        ],
        "tags": [
          "spinner",
          "loading",
          "loading-wheel",
          "busy",
          "wait"
        ],
        "defaultCode": 59778,
        "grid": 16,
        "attrs": []
      },
      "attrs": [],
      "properties": {
        "ligatures": "spinner9, loading10",
        "name": "spinner9",
        "order": 76,
        "id": 131,
        "prevSize": 32,
        "code": 59778
      },
      "setIdx": 5,
      "setId": 1,
      "iconIdx": 130
    },
    {
      "icon": {
        "paths": [
          "M933.79 610.25c-53.726-93.054-21.416-212.304 72.152-266.488l-100.626-174.292c-28.75 16.854-62.176 26.518-97.846 26.518-107.536 0-194.708-87.746-194.708-195.99h-201.258c0.266 33.41-8.074 67.282-25.958 98.252-53.724 93.056-173.156 124.702-266.862 70.758l-100.624 174.292c28.97 16.472 54.050 40.588 71.886 71.478 53.638 92.908 21.512 211.92-71.708 266.224l100.626 174.292c28.65-16.696 61.916-26.254 97.4-26.254 107.196 0 194.144 87.192 194.7 194.958h201.254c-0.086-33.074 8.272-66.57 25.966-97.218 53.636-92.906 172.776-124.594 266.414-71.012l100.626-174.29c-28.78-16.466-53.692-40.498-71.434-71.228zM512 719.332c-114.508 0-207.336-92.824-207.336-207.334 0-114.508 92.826-207.334 207.336-207.334 114.508 0 207.332 92.826 207.332 207.334-0.002 114.51-92.824 207.334-207.332 207.334z"
        ],
        "tags": [
          "cog",
          "gear",
          "preferences",
          "settings",
          "generate",
          "control",
          "options"
        ],
        "defaultCode": 59796,
        "grid": 16,
        "attrs": []
      },
      "attrs": [],
      "properties": {
        "ligatures": "cog, gear",
        "name": "cog",
        "order": 20,
        "id": 149,
        "prevSize": 32,
        "code": 59796
      },
      "setIdx": 5,
      "setId": 1,
      "iconIdx": 148
    },
    {
      "icon": {
        "paths": [
          "M64 192h896v192h-896zM64 448h896v192h-896zM64 704h896v192h-896z"
        ],
        "tags": [
          "menu",
          "list",
          "options",
          "lines",
          "hamburger"
        ],
        "defaultCode": 59837,
        "grid": 16,
        "attrs": []
      },
      "attrs": [],
      "properties": {
        "ligatures": "menu, list3",
        "name": "menu",
        "order": 19,
        "id": 190,
        "prevSize": 32,
        "code": 59837
      },
      "setIdx": 5,
      "setId": 1,
      "iconIdx": 189
    },
    {
      "icon": {
        "paths": [
          "M192 128l640 384-640 384z"
        ],
        "tags": [
          "play",
          "player"
        ],
        "defaultCode": 59932,
        "grid": 16,
        "attrs": []
      },
      "attrs": [],
      "properties": {
        "ligatures": "play3, player8",
        "name": "play",
        "order": 12,
        "id": 285,
        "prevSize": 32,
        "code": 59932
      },
      "setIdx": 5,
      "setId": 1,
      "iconIdx": 284
    },
    {
      "icon": {
        "paths": [
          "M128 128h320v768h-320zM576 128h320v768h-320z"
        ],
        "tags": [
          "pause",
          "player"
        ],
        "defaultCode": 59933,
        "grid": 16,
        "attrs": []
      },
      "attrs": [],
      "properties": {
        "ligatures": "pause2, player9",
        "name": "pause",
        "order": 13,
        "id": 286,
        "prevSize": 32,
        "code": 59933
      },
      "setIdx": 5,
      "setId": 1,
      "iconIdx": 285
    },
    {
      "icon": {
        "paths": [
          "M128 128h768v768h-768z"
        ],
        "tags": [
          "stop",
          "player",
          "square"
        ],
        "defaultCode": 59934,
        "grid": 16,
        "attrs": []
      },
      "attrs": [],
      "properties": {
        "ligatures": "stop2, player10",
        "name": "stop",
        "order": 14,
        "id": 287,
        "prevSize": 32,
        "code": 59934
      },
      "setIdx": 5,
      "setId": 1,
      "iconIdx": 286
    },
    {
      "icon": {
        "paths": [
          "M256 896v-768h128v352l320-320v704l-320-320v352z"
        ],
        "tags": [
          "previous",
          "player"
        ],
        "defaultCode": 59939,
        "grid": 16,
        "attrs": []
      },
      "attrs": [],
      "properties": {
        "ligatures": "previous2, player15",
        "name": "previous",
        "order": 16,
        "id": 292,
        "prevSize": 32,
        "code": 59939
      },
      "setIdx": 5,
      "setId": 1,
      "iconIdx": 291
    },
    {
      "icon": {
        "paths": [
          "M768 128v768h-128v-352l-320 320v-704l320 320v-352z"
        ],
        "tags": [
          "next",
          "player"
        ],
        "defaultCode": 59940,
        "grid": 16,
        "attrs": []
      },
      "attrs": [],
      "properties": {
        "ligatures": "next2, player16",
        "name": "next",
        "order": 15,
        "id": 293,
        "prevSize": 32,
        "code": 59940
      },
      "setIdx": 5,
      "setId": 1,
      "iconIdx": 292
    },
    {
      "icon": {
        "paths": [
          "M0 768h1024v128h-1024zM512 128l512 512h-1024z"
        ],
        "tags": [
          "eject",
          "player"
        ],
        "defaultCode": 59941,
        "grid": 16,
        "attrs": []
      },
      "attrs": [],
      "properties": {
        "ligatures": "eject, player17",
        "name": "eject",
        "order": 17,
        "id": 294,
        "prevSize": 32,
        "code": 59941
      },
      "setIdx": 5,
      "setId": 1,
      "iconIdx": 293
    },
    {
      "icon": {
        "paths": [
          "M549.020 741.020c-12.286 0-24.566-4.686-33.942-14.058-18.746-18.746-18.746-49.134 0-67.88 81.1-81.1 81.1-213.058 0-294.156-18.746-18.746-18.746-49.138 0-67.882s49.136-18.744 67.882 0c118.53 118.53 118.53 311.392 0 429.922-9.372 9.368-21.656 14.054-33.94 14.054z",
          "M416.006 960c-8.328 0-16.512-3.25-22.634-9.374l-246.626-246.626h-114.746c-17.672 0-32-14.326-32-32v-320c0-17.672 14.328-32 32-32h114.746l246.626-246.628c9.154-9.154 22.916-11.89 34.874-6.936 11.958 4.952 19.754 16.622 19.754 29.564v832c0 12.944-7.796 24.612-19.754 29.564-3.958 1.64-8.118 2.436-12.24 2.436z"
        ],
        "tags": [
          "volume-low",
          "volume",
          "audio",
          "speaker",
          "player"
        ],
        "defaultCode": 59944,
        "grid": 16,
        "attrs": []
      },
      "attrs": [],
      "properties": {
        "ligatures": "volume-low, volume3",
        "name": "volume-low",
        "order": 18,
        "id": 297,
        "prevSize": 32,
        "code": 59944
      },
      "setIdx": 5,
      "setId": 1,
      "iconIdx": 296
    }
  ],
  "height": 1024,
  "metadata": {
    "name": "sell-icon"
  },
  "preferences": {
    "showGlyphs": true,
    "showQuickUse": true,
    "showQuickUse2": true,
    "showSVGs": true,
    "fontPref": {
      "prefix": "icon-",
      "metadata": {
        "fontFamily": "sell-icon",
        "majorVersion": 1,
        "minorVersion": 0
      },
      "metrics": {
        "emSize": 1024,
        "baseline": 6.25,
        "whitespace": 50
      },
      "embed": false,
      "noie8": false,
      "ie7": false
    },
    "imagePref": {
      "prefix": "icon-",
      "png": true,
      "useClassSelector": true,
      "color": 0,
      "bgColor": 16777215,
      "classSelector": ".icon"
    },
    "historySize": 50,
    "showCodes": true,
    "gridSize": 16
  }
}